<!--

    Copyright (c) 2014, 2022 Oracle and/or its affiliates. All rights reserved.

    This program and the accompanying materials are made available under the
    terms of the Eclipse Public License v. 2.0, which is available at
    http://www.eclipse.org/legal/epl-2.0.

    This Source Code may also be made available under the following Secondary
    Licenses when the conditions for such availability set forth in the
    Eclipse Public License v. 2.0 are satisfied: GNU General Public License,
    version 2 with the GNU Classpath Exception, which is available at
    https://www.gnu.org/software/classpath/license.html.

    SPDX-License-Identifier: EPL-2.0 OR GPL-2.0 WITH Classpath-exception-2.0

-->

<archetype xmlns="http://maven.apache.org/plugins/maven-archetype-plugin/archetype/1.0.0"
           xmlns:xsi="http://www.w3.org/2001/XMLSchema-instance"
           xsi:schemaLocation="http://maven.apache.org/plugins/maven-archetype-plugin/archetype/1.0.0 http://maven.apache.org/xsd/archetype-1.0.0.xsd">
    <id>echo</id>
    <sources>
        <source>src/main/java/EchoEndpoint.java</source>
    </sources>
    <testSources>
        <source>src/test/java/EchoTest.java</source>
    </testSources>
    <resources>
        <resource>src/main/webapp/index.html</resource>
        <resource>src/main/java/module-info.java</resource>
    </resources>
</archetype>
